{"Game.prefab":"prefab","Public__Light_01.png":"texture","shanshuo.plist":"particle","light03.png":"texture","flame_01.plist":"particle","flame.png":"texture","fangshe.plist":"particle","huomiao.png":"texture","Main_plate_Violet_diban.png":"texture","Main_plate_bairenniuniu_05.png":"texture","Main_plate_bairenniuniu_02.png":"texture","Main_plate_bairenniuniu_04.png":"texture","Main_plate_bairenniuniu_03.png":"texture","Main_plate_Violet_caidai.png":"texture","Main_plate_bairenniuniu_text.png":"texture","Main_plate_green_diban.png":"texture","Main_plate_doudizhu_04.png":"texture","Main_plate_doudizhu_03.png":"texture","Main_plate_doudizhu_02.png":"texture","Main_plate_green_caidai.png":"texture","Main_plate_doudizhu_text.png":"texture","Main_plate_Pink_diban.png":"texture","Main_plate_QZniuniu_03.png":"texture","Main_plate_QZniuniu_02.png":"texture","Main_plate_QZniuniu_eye.png":"texture","Main_plate_QZniuniu_04.png":"texture","public_icon_zuang.png":"texture","Main_plate_Pink_caidai.png":"texture","Main_plate_QZniuniu_text.png":"texture","Main_plate_TBniuniu_03.png":"texture","Main_plate_TBniuniu_text.png":"texture","Main_plate_baijiale_02.png":"texture","Main_plate_baijiale_03.png":"texture","Main_plate_baijiale_04.png":"texture","Main_plate_baijiale_05.png":"texture","Main_plate_baijiale_06.png":"texture","Main_plate_baijiale_text.png":"texture","Main_plate_blue_diban.png":"texture","tiger_mouth_hall.png":"texture","tiger_eye_hall.png":"texture","tiger_head_hall.png":"texture","tiger_body_hall.png":"texture","tiger_water_hall.png":"texture","dragon_mouth_hall.png":"texture","dragon_eye_hall.png":"texture","dragon_head_hall.png":"texture","dragon_body_hall.png":"texture","dragon_water_hall.png":"texture","Main_plate_blue_caidai.png":"texture","Main_plate_longhudou_text.png":"texture","Main_plate_zhajinhua_02.png":"texture","Main_plate_zhajinhua_text.png":"texture","Main_plate_hongbaobuyu_fish05.png":"texture","Main_plate_hongbaobuyu_fish01.png":"texture","Main_plate_hongbaobuyu_fish03.png":"texture","Main_plate_hongbaobuyu_fish04.png":"texture","Main_plate_hongbaobuyu_fish02.png":"texture","Main_plate_hongbaobuyu_fish09.png":"texture","Main_plate_hongbaobuyu_fish08.png":"texture","Main_plate_hongbaobuyu_fish07.png":"texture","Main_plate_hongbaobuyu_fish06.png":"texture","Main_plate_hongbaobuyu_fish15.png":"texture","Main_plate_hongbaobuyu_fish10.png":"texture","Main_plate_hongbaobuyu_fish16.png":"texture","Main_plate_hongbaobuyu_fish13.png":"texture","Main_plate_hongbaobuyu_fish11.png":"texture","Main_plate_hongbaobuyu_fish12.png":"texture","Main_plate_hongbaobuyu_fish14.png":"texture","Main_plate_hongbaobuyu_text.png":"texture","Cow2_ske.json":"dragonbones","Cow2_tex.json":"dragonbones-atlas","hall_BRniuniu_anim.anim":"animation-clip","hall_Doudizhu_anim.anim":"animation-clip","hall_QZniuniu_anim.anim":"animation-clip","Cow3_anim_ske.json":"dragonbones","Cow3_anim_tex.json":"dragonbones-atlas","hall_TBniuniu_anim.anim":"animation-clip","hall_Baijiale_anim.anim":"animation-clip","hall_DragonTiger_anim.anim":"animation-clip","chip_ske.json":"dragonbones","chip_tex.json":"dragonbones-atlas","hall_Zhajinhua_anim.anim":"animation-clip","hall_HongbaoFish_anim.anim":"animation-clip","Cow2_tex.png":"texture","Cow3_anim_tex.png":"texture","chip_tex.png":"texture"}