{"Kong Node.prefab":"prefab","-51,443.png":"texture","Public_mask_black.png":"texture","Public_kaishixiazhu_text_kaishi_diaban.png":"texture","Public_kaishixiazhu_maisui.png":"texture","Public_kaishixiazhu_text_kaishi.png":"texture","Public_kaishixiazhu_text_xiazhu_diban.png":"texture","Public_kaishixiazhu_text_xiazhu.png":"texture","Public_tingzhixiazhu_text_tingzhi.png":"texture","Public_anim_jiesuan_suzi.anim":"animation-clip","Public_anim_Start Stop_bets.anim":"animation-clip","maisui.plist":"particle","bubble.png":"texture","Public_effect_lizi_maisui.png":"texture","effect_shandian_01.png":"texture","effect_shandian_02.png":"texture","effect_shandian_03.png":"texture","effect_shandian_04.png":"texture","effect_shandian_05.png":"texture","effect_shandian_06.png":"texture","play_anim.ts":"typescript","dragon_mouth.png":"texture","dragon_eye.png":"texture","dragon_head.png":"texture","dragon_body.png":"texture","dragon_water.png":"texture","tiger_mouth.png":"texture","tiger_eye.png":"texture","tiger_head.png":"texture","tiger_body.png":"texture","tiger_water.png":"texture","Public_text_S.png":"texture","Public_text_V.png":"texture","lh_dh_tex_hy.png":"texture","LongHu_anim_pk.anim":"animation-clip","LongHu_anim_win.anim":"animation-clip"}