{"kong node niuniu.prefab":"prefab","Public_mask_black.png":"texture","QZniuniu_table_kaishi_mugan.png":"texture","QZniuniu_table_kaishi_hongbu.png":"texture","QZniuniu_table_kaishi_niujiao.png":"texture","QZniuniu_table_kaishi_niujiao_pobu.png":"texture","QZniuniu_table_kaishi_text.png":"texture","QZniuniu_table_kaishi_niuzaimao.png":"texture","QZniuniu_table_jiesuan_red_diban_line.png":"texture","QZniuniu_table_jiesuan_red_diban.png":"texture","QZniuniu_table_kaishi_niujiao_samll.png":"texture","QZniuniu_table_jiesuan_red_diban02.png":"texture","QZniuniu_table_jiesuan_text_niuniu.png":"texture","test_3bei.png":"texture","QZniuniu_table_icon_beishu_diban.png":"texture","QZniuniu_table_jiesuan_text_niu_8.png":"texture","QZniuniu_table_jiesuan_green_diban.png":"texture","QZniuniu_table_jiesuan_text_niu_4.png":"texture","QZniuniu_table_jiesuan_grey_diban.png":"texture","QZniuniu_table_jiesuan_text_wuniu.png":"texture","Public_Effect_light_01.png":"texture","Public_Effect_saoguang_01.png":"texture","Public_anim_niuniu_Popup_kaishi.anim":"animation-clip","public_anim_beishu.anim":"animation-clip","Public_anim_niuniu_jiesuan_10.anim":"animation-clip","Public_anim_niuniu_jiesuan_0_6.anim":"animation-clip","play_anim.ts":"typescript"}