{"Public_Popup_anim.prefab":"prefab","Public_mask_black.png":"texture","public_Popup_diban.png":"texture","public_Popup_gxhd.png":"texture","public_Popup_huangguan.png":"texture","public_Popup_baoxiang.png":"texture","public_Popup_baoxiang_diban.png":"texture","Public__btn_close02.png":"texture","shanshuo.plist":"particle","light07.png":"texture","light03.png":"texture","Public_effect_guangquan01.png":"texture","Public_effect_guangquan02.png":"texture","Public_Popup_anim.anim":"animation-clip","HongBao_number.fnt":"bitmap-font","HongBao_number.png":"texture"}