{"width":1024,"imagePath":"Cow_anim_tex.png","height":1024,"name":"Cow_anim","SubTexture":[{"width":88,"y":164,"height":123,"name":"牛龙骨/右牛角","x":871},{"width":94,"y":1,"height":161,"name":"牛龙骨/左牛角","x":871},{"width":86,"y":744,"height":78,"name":"牛龙骨/左耳朵","x":1},{"width":127,"y":289,"height":60,"name":"牛龙骨/右耳朵","x":871},{"width":519,"y":1,"height":435,"name":"牛龙骨/头","x":1},{"width":66,"y":438,"height":39,"name":"牛龙骨/左眉毛","x":169},{"width":68,"y":623,"height":42,"name":"牛龙骨/右眉毛","x":99},{"width":96,"y":623,"height":52,"name":"牛龙骨/右眼","x":1},{"width":103,"y":677,"height":34,"name":"牛龙骨/左眼","x":1},{"width":347,"y":1,"height":374,"name":"牛龙骨/身体","x":522},{"width":216,"y":606,"height":136,"name":"牛龙骨/花圈","x":758},{"width":234,"y":377,"height":244,"name":"牛龙骨/嘴巴","x":522},{"width":220,"y":377,"height":227,"name":"牛龙骨/铲子","x":758}]}