{"down_loding_tips.prefab":"prefab","jiazai_xin.png":"texture","jiazai_tiao.png":"texture","load_00.png":"texture","load_mask.png":"texture","load_kuang.png":"texture","public_quanjutishi_diban.png":"texture","load_01.png":"texture","load_02.png":"texture","load_03.png":"texture","load_04.png":"texture","load_05.png":"texture","load_06.png":"texture","load_07.png":"texture","load_08.png":"texture","load_09.png":"texture","load_10.png":"texture","Public_ani_jiazai.anim":"animation-clip","Public_anim_down.anim":"animation-clip","Public_anim_Tips.anim":"animation-clip","paopao.plist":"particle","bubble.png":"texture"}