{"baijiale.prefab":"prefab","Public_mask_black.png":"texture","Public_kaishixiazhu_maisui.png":"texture","public_zhankai_diban.png":"texture","public_zd_icon_diabn.png":"texture","public_zd_icon_gd_gouzi.png":"texture","public_zd_icon_gd_sz.png":"texture","maisui.plist":"particle","bubble.png":"texture","Public_effect_lizi_maisui_2.png":"texture","Public_effect_lizi_maisui.png":"texture","Public_effect_lizi_maisui_3.png":"texture","Public_anim_Function_Open.anim":"animation-clip","Public_anim_Function_Close.anim":"animation-clip","public_zhongpin_diban_lv.png":"texture","Public_he_maisui.png":"texture","Public_text_he.png":"texture","public_zhongpini_diban_huang.png":"texture","Public_text_zhuangying.png":"texture","public_zhongpin_diban_lan.png":"texture","Public_xian_maisui.png":"texture","Public_text_xianying.png":"texture","BJL_anim_Win.anim":"animation-clip"}