{"金花VS_你赢了输了.prefab":"prefab","Public_mask_black.png":"texture","Public_kaishixiazhu_maisui.png":"texture","public_yuansu_wuyun.png":"texture","Public_text_V.png":"texture","Public_text_S.png":"texture","coin_penshe.plist":"particle","Public__jinbi_icon.png":"texture","maisui.plist":"particle","public_yuansu_wuyun_2.png":"texture","bubble.png":"texture","Public_effect_lizi_maisui.png":"texture","effect_shandian_01.png":"texture","effect_shandian_02.png":"texture","effect_shandian_03.png":"texture","effect_shandian_04.png":"texture","effect_shandian_05.png":"texture","effect_shandian_06.png":"texture","上家头像.png":"texture","public_zhongpini_diban_huang.png":"texture","public_text_niyingle.png":"texture","Public_text_zhuangying.png":"texture","public_zhongpin_diban_lan.png":"texture","public_text_nishule.png":"texture","zjh_anim_YouWin.anim":"animation-clip","zjh_anim_YouLose.anim":"animation-clip","zjh_anim_vs_RedLose.anim":"animation-clip","zjh_anim_vs_BlueLose .anim":"animation-clip","ZJH_vs_diban_hong.png":"texture","zhuayin.png":"texture","ZJH_vs_diban_lan.png":"texture","play_anim.ts":"typescript"}