{"水果机中奖anim.prefab":"prefab","SGJ_mianfei_mengban.png":"texture","SGJ_mianfei_xing.png":"texture","SGJ_mianfei_text_bonus.png":"texture","SGJ_mianfei_text_mianfeicishu.png":"texture","zhongjiang_text_zhongjiangla.png":"texture","shuzi_diban.png":"texture","zhongjiang_faguang.png":"texture","zhongjiang_huatong3.png":"texture","zhongjiang_huatong2.png":"texture","zhongjiang_huatong1.png":"texture","zhongjiang_diban.png":"texture","zhongjiang_text_big.png":"texture","zhongjiang_text_win.png":"texture","zhongjiang_text_mega.png":"texture","zhongjiang_text_super.png":"texture","zhongjiang_text_uiter.png":"texture","cishu_number.fnt":"bitmap-font","fenshu_number.fnt":"bitmap-font","cishu_number.png":"texture","fenshu_number.png":"texture","sgj_win_free.anim":"animation-clip","sgj_win_anim.anim":"animation-clip","sgj_BigWin_anim.anim":"animation-clip","sgj_MegaWin_anim.anim":"animation-clip","sgj_SuperWin_anim.anim":"animation-clip","sgj_UitraWin_anim.anim":"animation-clip","coin_pengshe_02.plist":"particle","Public_effect_lizi_coin.png":"texture","shanshuo.plist":"particle","caidai_07.png":"texture","06.png":"texture","light03.png":"texture","LootRunique_red.png":"texture","Public__jinbi_icon_03.png":"texture","caidai_lizi.png":"texture","Public__jinbi_icon_02.png":"texture","Text_Ring_003.png":"texture"}