{"width":1024,"imagePath":"Cow_anim_ske_1_tex.png","height":1024,"name":"Cow_anim_ske_1","SubTexture":[{"width":101,"y":620,"height":141,"name":"牛龙骨/右牛角","x":871},{"width":108,"y":433,"height":185,"name":"牛龙骨/左牛角","x":871},{"width":99,"y":661,"height":90,"name":"牛龙骨/左耳朵","x":404},{"width":146,"y":661,"height":69,"name":"牛龙骨/右耳朵","x":256},{"width":597,"y":1,"height":500,"name":"牛龙骨/头","x":1},{"width":76,"y":503,"height":45,"name":"牛龙骨/左眉毛","x":506},{"width":78,"y":661,"height":48,"name":"牛龙骨/右眉毛","x":505},{"width":110,"y":732,"height":60,"name":"牛龙骨/右眼","x":256},{"width":118,"y":766,"height":39,"name":"牛龙骨/左眼","x":1},{"width":399,"y":1,"height":430,"name":"牛龙骨/身体","x":600},{"width":248,"y":503,"height":156,"name":"牛龙骨/花圈","x":256},{"width":269,"y":433,"height":281,"name":"牛龙骨/嘴巴","x":600},{"width":253,"y":503,"height":261,"name":"牛龙骨/铲子","x":1}]}