{"frameRate":30,"name":"Cow_anim_ske_1","version":"5.5","compatibleVersion":"5.5","armature":[{"type":"Armature","frameRate":30,"name":"Armature","aabb":{"x":-323.2,"y":-417.37,"width":747.83,"height":818.95},"bone":[{"name":"root"},{"length":290,"name":"身体","parent":"root","transform":{"x":6.9,"y":397.9,"skX":-88.6415,"skY":-88.6415}},{"name":"bone_ikTarget3","parent":"root","transform":{"x":212.8292,"y":-3.8873}},{"name":"bone_ikTarget4","parent":"root","transform":{"x":-116.8308,"y":270.2839,"skX":0.1078,"skY":0.1078}},{"name":"bone_ikTarget2","parent":"root","transform":{"x":-141.8047,"y":74.487}},{"length":70,"name":"身体1","parent":"身体","transform":{"x":243.7182,"y":76.1231,"skX":42.7142,"skY":42.7142}},{"length":63,"name":"身体4","parent":"身体","transform":{"x":249.5155,"y":-65.044,"skX":-49.4714,"skY":-49.4714}},{"length":54,"name":"身体7","parent":"身体","transform":{"x":158.634,"y":-82.2717,"skX":-60.0031,"skY":-60.0031}},{"length":469,"name":"头","parent":"身体","transform":{"x":277.8628,"y":26.7697,"skX":-13.6591,"skY":-13.6591}},{"length":74,"name":"花圈","parent":"身体","transform":{"x":214.2852,"y":-83.3038,"skX":93.0402,"skY":93.0402}},{"length":86,"name":"左眼","parent":"头","transform":{"x":305.4164,"y":-78.179,"skX":-61.6505,"skY":-61.6505}},{"length":51,"name":"身体5","parent":"身体4","transform":{"x":63.6434,"skX":-6.548,"skY":-6.548}},{"length":62,"name":"身体8","parent":"身体7","transform":{"x":56.4837,"y":-0.3467,"skX":-124.2831,"skY":-124.2831}},{"length":121,"name":"嘴巴","parent":"头","transform":{"x":80.0206,"y":16.2711,"skX":-2.3882,"skY":-2.3882}},{"length":37,"name":"右牛角1","parent":"头","transform":{"x":405.2974,"y":178.1797,"skX":31.8737,"skY":31.8737}},{"length":66,"name":"身体2","parent":"身体1","transform":{"x":70.3486,"skX":-7.2029,"skY":-7.2029}},{"length":60,"name":"左眉毛","parent":"头","transform":{"x":393.6487,"y":-67.1794,"skX":-74.4598,"skY":-74.4598}},{"length":89,"name":"右眼","parent":"头","transform":{"x":315.5288,"y":80.5697,"skX":76.712,"skY":76.712}},{"length":56,"name":"左牛角1","parent":"头","transform":{"x":381.311,"y":-191.1615,"skX":-8.974,"skY":-8.974}},{"length":82,"name":"左耳朵","parent":"头","transform":{"x":340.3748,"y":-195.3206,"skX":-106.7541,"skY":-106.7541}},{"length":46,"name":"右耳朵1","parent":"头","transform":{"x":369.6066,"y":208.5329,"skX":103.4336,"skY":103.4336}},{"length":48,"name":"右眉毛","parent":"头","transform":{"x":396.3858,"y":87.607,"skX":70.871,"skY":70.871}},{"length":110,"name":"花圈1","parent":"花圈","transform":{"x":33.265,"y":-0.1367,"skX":-17.7004,"skY":-17.7004}},{"length":49,"name":"左牛角2","parent":"左牛角1","transform":{"x":54.1594,"y":-1.064,"skX":19.0391,"skY":19.0391}},{"length":42,"name":"右耳朵2","parent":"右耳朵1","transform":{"x":38.3057,"y":0.1626,"skX":-1.133,"skY":-1.133}},{"length":27,"name":"身体6","parent":"身体5","transform":{"x":52.0906,"skX":1.0849,"skY":1.0849}},{"length":65,"name":"身体3","parent":"身体2","transform":{"x":67.275,"skX":-4.8539,"skY":-4.8539}},{"length":39,"name":"右牛角2","parent":"右牛角1","transform":{"x":40.7221,"y":-0.809,"skX":-38.373,"skY":-38.373}},{"length":29,"name":"身体9","parent":"身体8","transform":{"x":63.0448,"skX":31.3232,"skY":31.3232}},{"length":40,"name":"左牛角3","parent":"左牛角2","transform":{"x":45.2938,"y":-3.1232,"skX":23.2614,"skY":23.2614}},{"length":28,"name":"右耳朵3","parent":"右耳朵2","transform":{"x":40.1925,"y":1.84,"skX":-31.3041,"skY":-31.3041}},{"length":34,"name":"右牛角3","parent":"右牛角2","transform":{"x":37.9406,"y":-1.5403,"skX":-31.7277,"skY":-31.7277}},{"length":297,"name":"铲子","parent":"身体3","transform":{"x":36.2776,"y":-3.4796,"skX":11.9789,"skY":11.9789}}],"slot":[{"name":"右牛角","parent":"右牛角3"},{"name":"左牛角","parent":"左牛角3"},{"name":"左耳朵","parent":"左耳朵"},{"name":"右耳朵","parent":"右耳朵3"},{"name":"头","parent":"头"},{"name":"左眉毛","parent":"左眉毛"},{"name":"右眉毛","parent":"右眉毛"},{"name":"右眼","parent":"右眼"},{"name":"左眼","parent":"左眼"},{"name":"身体","parent":"身体9"},{"name":"花圈","parent":"花圈1"},{"name":"嘴巴","parent":"嘴巴"},{"name":"铲子","parent":"铲子"}],"ik":[{"bendPositive":false,"chain":1,"name":"bone_ik","bone":"身体5","target":"bone_ikTarget2"},{"bendPositive":false,"chain":1,"name":"bone_ik2","bone":"身体8","target":"bone_ikTarget4"},{"bendPositive":false,"chain":1,"name":"bone_ik1","bone":"身体3","target":"bone_ikTarget3"}],"skin":[{"slot":[{"name":"左眼","display":[{"name":"牛龙骨/左眼","transform":{"x":50.94,"y":-3.88,"skX":163.95,"skY":163.95}}]},{"name":"左牛角","display":[{"type":"mesh","name":"牛龙骨/左牛角","width":108,"height":185,"vertices":[-248.05,-162.09,-222.52,-178.19,-196.99,-208.67,-179.23,-238.97,-177.1,-256.74,-185.15,-268.47,-208.78,-291.01,-222.52,-319.53,-231.26,-347.36,-248.05,-347.36,-271.57,-335.28,-285.2,-302.8,-285.2,-271.52,-285.2,-238.97,-285.2,-223.27,-275.54,-204.7,-263.69,-179.17,-253.17,-162.15],"uvs":[0.34362,1.00031,0.57979,0.91335,0.81596,0.74876,0.98032,0.58509,1,0.48913,0.92553,0.42578,0.70691,0.30404,0.57979,0.15,0.49894,-0.00031,0.34362,-0.00031,0.12606,0.06491,0,0.24037,0,0.40932,0,0.58509,0,0.66988,0.08936,0.77019,0.19894,0.90807,0.29628,1],"triangles":[5,3,4,5,2,3,6,13,2,6,2,5,12,13,6,15,1,2,13,15,2,7,11,6,11,12,6,13,14,15,16,0,1,15,16,1,9,10,7,10,11,7,8,9,7,16,17,0],"weights":[1,18,1,1,18,1,1,18,1,1,18,1,1,18,1,1,18,1,3,18,0.29148,23,0.404675,29,0.303844,3,18,0.083101,29,0.547923,23,0.368976,3,18,0.009077,29,0.952292,23,0.03863,3,18,0.012732,29,0.921483,23,0.065785,3,18,0.071981,29,0.542528,23,0.385492,3,18,0.162049,29,0.456819,23,0.381132,3,18,0.367018,23,0.397228,29,0.235753,3,18,0.42378,23,0.432389,29,0.143831,3,18,0.461044,23,0.398453,29,0.140503,3,18,0.56758,23,0.317302,29,0.115118,1,18,1,1,18,1],"slotPose":[1,0,0,1,0,0],"bonePose":[18,-0.362836,-0.931853,0.931853,-0.362836,-227.7575,-211.0825,23,-0.039006,-0.999239,0.999239,-0.039006,-248.4,-261.165,29,0.358791,-0.933418,0.933418,0.358791,-253.2875,-306.3025],"edges":[0,1,1,2,2,3,3,4,4,5,5,6,6,7,7,8,8,9,9,10,10,11,11,12,12,13,13,14,14,15,15,16,16,17,17,0],"userEdges":[]}]},{"name":"花圈","display":[{"type":"mesh","name":"牛龙骨/花圈","width":248,"height":156,"vertices":[-105.51,113.17,-88.61,100.52,-66.59,92.87,-39.62,107.24,0.98,121.68,-5.75,140.25,-20.93,149.56,-43.81,149.56,-26.05,161.41,7.82,141.97,14.55,153.76,32.32,137.72,47.5,129.27,66.99,110.64,121.96,84.42,125.35,121.68,125.35,144.5,116.84,157.15,98.33,191.02,72.91,208.79,50.89,229.89,23,238.34,-15.01,239.78,-52.27,239.78,-76.7,239.78,-97,221.38,-107.24,200.28,-116.55,184.24,-123.11,170.72,-123.11,145.31,-123.11,126.74],"uvs":[0.0706,0.19044,0.13866,0.10956,0.21343,0.07169,0.33588,0.15257,0.49931,0.24485,0.47222,0.3636,0.41111,0.42316,0.31898,0.42316,0.39051,0.4989,0.52685,0.37463,0.55394,0.45,0.62546,0.34743,0.68657,0.29338,0.76505,0.17426,0.98634,0.00662,1,0.24485,1,0.39081,0.96574,0.47169,0.8912,0.68824,0.78889,0.80184,0.70023,0.93676,0.58796,0.99081,0.43495,1,0.28495,1,0.18657,1,0.10486,0.88235,0.06366,0.74743,0.02616,0.64485,-0.00023,0.55846,-0.00023,0.39596,-0.00023,0.27721],"triangles":[14,13,15,17,16,15,13,17,15,12,18,17,13,12,17,12,11,19,12,19,18,10,20,19,11,10,19,10,21,20,10,22,21,8,22,10,8,23,22,3,5,4,3,6,5,7,25,8,25,23,8,3,7,6,26,25,7,25,24,23,2,1,7,27,26,7,2,7,3,28,27,7,29,28,7,0,29,7,1,0,7,30,29,0,10,8,9],"weights":[2,9,0.620052,22,0.379948,2,9,0.580569,22,0.419431,1,9,1,1,9,1,1,9,1,1,9,1,2,9,0.40575,22,0.59425,2,9,0.511354,22,0.488646,2,9,0.399158,22,0.600842,2,9,0.30741,22,0.69259,2,9,0.193877,22,0.806123,2,9,0.201628,22,0.798372,2,9,0.175115,22,0.824885,1,9,1,1,9,1,2,9,0.189972,22,0.810028,2,9,0.166274,22,0.833726,2,9,0.140565,22,0.859435,2,9,0.172311,22,0.827689,2,9,0.316196,22,0.683804,2,9,0.509313,22,0.490687,2,9,0.599626,22,0.400374,2,9,0.552017,22,0.447983,2,9,0.508647,22,0.491353,2,9,0.574135,22,0.425865,2,9,0.684772,22,0.315228,2,9,0.754798,22,0.245202,2,9,0.749653,22,0.250347,2,9,0.725219,22,0.274781,2,9,0.685293,22,0.314707,2,9,0.648268,22,0.351732],"slotPose":[1,0,0,1,0,0],"bonePose":[9,0.997054,0.076696,-0.076696,0.997054,-71.3,181.7,22,0.973172,-0.230079,0.230079,0.973172,-38.1225,184.115],"edges":[0,1,1,2,2,3,3,4,4,5,5,6,6,7,7,8,8,9,9,10,10,11,11,12,12,13,13,14,14,15,15,16,16,17,17,18,18,19,19,20,20,21,21,22,22,23,23,24,24,25,25,26,26,27,27,28,28,29,29,30,30,0],"userEdges":[]}]},{"name":"右耳朵","display":[{"name":"牛龙骨/右耳朵","transform":{"x":-38.39,"y":-10.9,"skX":31.3,"skY":31.3}}]},{"name":"铲子","display":[{"name":"铲子","transform":{"x":139.38,"y":5.3,"skX":43.64,"skY":43.64},"path":"牛龙骨/铲子"}]},{"name":"左眉毛","display":[{"name":"牛龙骨/左眉毛","transform":{"x":31.92,"y":-5.84,"skX":176.76,"skY":176.76}}]},{"name":"右眼","display":[{"name":"牛龙骨/右眼","transform":{"x":52.09,"y":8.37,"skX":25.59,"skY":25.59}}]},{"name":"右牛角","display":[{"type":"mesh","name":"牛龙骨/右牛角","width":101,"height":141,"vertices":[179.92,-276,166.58,-276,153.76,-281.75,121.9,-297.04,88.38,-313.6,79.29,-320.27,79.29,-334.76,91.66,-346.72,97.06,-372.83,94.59,-393.13,84.99,-408.42,89.59,-417.45,118.91,-417.45,134.72,-412.16,152.89,-393.93,171.98,-367.02,180.26,-342.58,180.55,-321.42,180.55,-297.91],"uvs":[0.99375,1,0.86193,1,0.73523,0.95935,0.42045,0.85122,0.0892,0.73415,-0.00057,0.68699,-0.00057,0.58455,0.12159,0.5,0.175,0.31545,0.15057,0.17195,0.05568,0.06382,0.10114,0,0.39091,0,0.54716,0.0374,0.7267,0.16626,0.91534,0.3565,0.99716,0.52927,1,0.67886,1,0.84512],"triangles":[2,1,18,18,1,0,2,18,17,3,2,17,15,7,16,7,3,16,3,17,16,14,8,15,8,7,15,13,8,14,7,4,3,12,9,13,9,8,13,11,9,12,6,5,4,6,4,7,11,10,9],"weights":[1,14,1,1,14,1,1,14,1,1,14,1,1,14,1,1,14,1,1,14,1,3,14,0.384541,27,0.341608,31,0.273851,3,14,0.173895,31,0.468952,27,0.357153,3,14,0.049804,31,0.774055,27,0.176141,3,14,0.031992,31,0.873866,27,0.094142,3,14,0.023314,31,0.903106,27,0.07358,3,14,0.044282,31,0.703017,27,0.252701,3,14,0.067178,31,0.469731,27,0.463091,3,14,0.132114,27,0.461109,31,0.406777,3,14,0.377936,27,0.41803,31,0.204034,3,14,0.43215,27,0.423721,31,0.14413,3,14,0.45883,27,0.40146,31,0.13971,1,14,1],"slotPose":[1,0,0,1,0,0],"bonePose":[14,0.33501,-0.942215,0.942215,0.33501,127.995,-313.2025,27,-0.322264,-0.94665,0.94665,-0.322264,140.875,-351.8425,31,-0.77193,-0.635707,0.635707,-0.77193,127.19,-387.2625],"edges":[0,1,1,2,2,3,3,4,4,5,5,6,6,7,7,8,8,9,9,10,10,11,11,12,12,13,13,14,14,15,15,16,16,17,17,18,18,0],"userEdges":[]}]},{"name":"身体","display":[{"type":"mesh","name":"牛龙骨/身体","width":399,"height":430,"vertices":[-174.57,57.33,-156.8,47.61,-141.74,48.19,-110,61.07,-66.93,90.16,-41.11,110.57,-18,121.9,20.24,118.68,60.6,110.57,92.34,101.43,119.77,84.76,140.76,57.85,156.34,31.45,175.2,7.82,194.06,-5.75,211.25,-5.75,224.25,0.81,224.25,16.96,224.25,38.99,211.77,80.96,190.27,114.89,161.23,153.07,148.81,169.22,137.02,203.15,122.47,257.49,99.3,315.04,67.56,366.22,40.65,399.57,9.43,424.35,-7.25,424.35,-19.61,396.35,-15.81,352.76,-17.42,342.53,-44.91,331.78,-71.82,318.32,-84.7,305.9,-89.59,325.28,-96.54,338.22,-112.7,344.66,-129.89,340.34,-141.74,329.59,-165.43,295.15,-174.8,278.47,-174.57,262.32,-169.22,249.44,-168.65,205.28,-162.72,190.21,-147.14,182.16,-124.55,184.86,-117.01,186.99,-112.7,177.33,-111.61,158.99,-118.62,145.53,-136.39,127.82,-157.9,106.84,-170.26,85.27,-174.8,70.78],"uvs":[0.00058,0.14666,0.0451,0.12406,0.08285,0.1254,0.16239,0.15535,0.27032,0.22299,0.33501,0.27045,0.39294,0.29679,0.48876,0.2893,0.58991,0.27045,0.66945,0.2492,0.73818,0.21043,0.79078,0.14786,0.82983,0.0865,0.87709,0.03155,0.92435,0,0.96744,0,1,0.01524,1,0.05281,1,0.10401,0.96873,0.2016,0.91484,0.28048,0.84207,0.36925,0.81095,0.40682,0.78141,0.4857,0.74496,0.61203,0.68689,0.74586,0.60735,0.86484,0.53991,0.94238,0.46167,1,0.41988,1,0.3889,0.93489,0.39841,0.83356,0.39438,0.80976,0.3255,0.78476,0.25807,0.75348,0.22579,0.7246,0.21354,0.76965,0.19611,0.79973,0.15562,0.81471,0.11254,0.80468,0.08285,0.77968,0.02349,0.6996,0,0.66083,0.00058,0.62326,0.01398,0.59332,0.01542,0.49064,0.03026,0.45561,0.06931,0.4369,0.12594,0.44318,0.14481,0.44813,0.15562,0.42567,0.15836,0.38302,0.14078,0.35174,0.09625,0.31056,0.04236,0.26176,0.01138,0.21163,0,0.17794],"triangles":[12,19,18,13,12,18,15,14,17,13,18,17,14,13,17,16,15,17,11,20,19,12,11,19,11,10,20,10,21,20,9,22,21,10,9,21,8,23,22,9,8,22,7,24,23,8,7,23,6,33,32,6,32,7,32,25,24,7,32,24,35,33,6,32,26,25,49,35,6,50,49,6,31,27,26,32,31,26,35,34,33,30,28,27,31,30,27,30,29,28,5,51,6,51,50,6,4,52,5,52,51,5,49,44,35,3,53,4,53,52,4,44,41,35,40,36,35,41,40,35,45,44,49,54,53,3,38,37,36,39,38,36,40,39,36,48,45,49,44,43,41,43,42,41,55,54,2,47,45,48,2,54,3,46,45,47,56,55,1,1,55,2,0,56,1],"weights":[4,25,0.913244,11,0.070759,6,0.01224,12,0.003758,4,25,0.832183,11,0.142316,6,0.020538,12,0.004963,4,25,0.568951,11,0.369981,6,0.051261,12,0.009807,4,11,0.456315,25,0.32631,6,0.194839,1,0.022536,4,6,0.462875,11,0.383117,25,0.082472,1,0.071536,4,6,0.542877,11,0.186489,25,0.056012,1,0.214621,4,5,0.044402,6,0.310693,11,0.080145,1,0.56476,4,5,0.00727,6,0.007328,15,0.003171,1,0.982231,4,5,0.348788,15,0.157211,6,0.066824,1,0.427178,4,5,0.516681,15,0.312664,26,0.066037,1,0.104618,4,5,0.438416,15,0.459853,26,0.073553,1,0.028179,4,5,0.164386,15,0.551406,26,0.26385,1,0.020359,4,5,0.067903,26,0.467846,15,0.44897,1,0.015282,4,5,0.042521,26,0.70752,15,0.236944,1,0.013016,4,5,0.016588,26,0.906182,15,0.071506,1,0.005724,4,5,0.000333,26,0.998226,15,0.001326,1,0.000115,3,5,0.007921,26,0.961542,15,0.030537,4,5,0.024052,26,0.860164,15,0.108725,1,0.007059,4,5,0.056362,26,0.641507,15,0.288354,1,0.013777,4,5,0.136814,15,0.422185,26,0.420018,1,0.020983,4,5,0.328714,15,0.414006,26,0.227119,1,0.030161,4,5,0.44701,15,0.396649,26,0.105708,1,0.050633,4,5,0.503282,15,0.329016,26,0.093797,1,0.073905,4,5,0.512806,15,0.244488,26,0.094652,1,0.148054,4,5,0.370783,15,0.181569,7,0.111272,1,0.336376,4,5,0.185676,7,0.133773,15,0.10388,1,0.57667,4,7,0.078772,28,0.065878,12,0.065577,1,0.789774,4,7,0.027039,28,0.026383,12,0.025342,1,0.921237,4,28,0.018699,12,0.016873,7,0.016121,1,0.948306,4,28,0.026609,12,0.023373,7,0.021365,1,0.928652,4,28,0.029279,12,0.025615,7,0.023203,1,0.921903,4,28,0.031498,7,0.031215,12,0.030152,1,0.907135,4,7,0.041351,28,0.03932,12,0.038319,1,0.88101,4,28,0.172434,12,0.16307,7,0.151688,1,0.512808,4,28,0.32657,12,0.289206,7,0.191213,1,0.193012,4,28,0.398901,12,0.34659,7,0.163775,1,0.090734,4,28,0.449189,12,0.29638,7,0.138618,1,0.115813,4,28,0.479018,12,0.270919,7,0.126148,1,0.123915,4,28,0.546664,12,0.251818,7,0.105822,1,0.095695,4,28,0.629627,12,0.22738,7,0.082458,1,0.060535,4,28,0.707727,12,0.195526,7,0.060894,1,0.035853,4,28,0.640131,12,0.255812,7,0.079085,1,0.024972,4,28,0.495131,12,0.329581,7,0.140341,6,0.034947,4,28,0.394516,12,0.364997,7,0.197892,6,0.042595,4,12,0.392269,28,0.32293,7,0.241595,6,0.043206,4,12,0.414887,7,0.378028,28,0.139987,6,0.067098,4,12,0.427125,7,0.385209,28,0.105922,6,0.081744,4,12,0.447419,7,0.397196,6,0.078988,11,0.076398,4,12,0.484335,7,0.429888,6,0.046975,11,0.038802,4,12,0.480044,7,0.44727,6,0.041462,28,0.031225,4,12,0.41551,7,0.402334,6,0.105661,11,0.076496,4,6,0.275586,12,0.261005,7,0.254512,11,0.208897,4,6,0.350533,11,0.320412,12,0.167029,7,0.162027,4,11,0.376318,6,0.320972,25,0.211683,12,0.091028,4,11,0.407762,25,0.396826,6,0.151099,12,0.044314,4,25,0.536555,11,0.378778,6,0.0648,12,0.019867,4,25,0.767088,11,0.192288,6,0.030947,12,0.009678],"slotPose":[1,0,0,1,0,0],"bonePose":[5,0.695571,-0.718457,0.718457,0.695571,88.78,156.055,15,0.6,-0.8,0.8,0.6,137.7125,105.5125,26,0.530155,-0.8479,0.8479,0.530155,178.0775,51.6925,6,-0.744461,-0.667666,0.667666,-0.744461,-52.21,146.9125,11,-0.815742,-0.578415,0.578415,-0.815742,-99.59,104.42,25,-0.804644,-0.593758,0.593758,-0.804644,-142.0825,74.29,7,-0.853955,-0.520346,0.520346,-0.853955,-71.5875,237.36,12,0.051075,0.998695,-0.998695,0.051075,-120.0025,208.265,28,-0.475556,0.879685,-0.879685,-0.475556,-116.7825,271.2275,1,0.023709,-0.999719,0.999719,0.023709,6.9,397.9],"edges":[0,1,1,2,2,3,3,4,4,5,5,6,6,7,7,8,8,9,9,10,10,11,11,12,12,13,13,14,14,15,15,16,16,17,17,18,18,19,19,20,20,21,21,22,22,23,23,24,24,25,25,26,26,27,27,28,28,29,29,30,30,31,31,32,32,33,33,34,34,35,35,36,36,37,37,38,38,39,39,40,40,41,41,42,42,43,43,44,44,45,45,46,46,47,47,48,48,49,49,50,50,51,51,52,52,53,53,54,54,55,55,56,56,0],"userEdges":[]}]},{"name":"左耳朵","display":[{"name":"牛龙骨/左耳朵","transform":{"x":55.4,"y":4.47,"skX":-150.95,"skY":-150.95}}]},{"name":"嘴巴","display":[{"type":"mesh","name":"牛龙骨/嘴巴","width":269,"height":281,"vertices":[169.1,-83.83,186.18,34.66,171.35,86.71,78.8,137.28,46.37,128.78,7.6,118.62,-49.54,81.29,-72.97,50.72,-73.24,-3.15,-55.69,-70.12,-25.82,-115.79,70.98,-127.45,123.74,-119.2,110.93,-62.17,-7.91,-9.5,113.67,68.2,123.61,0.36,40.15,-60.63,34.04,56.3],"uvs":[0.12051,0.20699,0.53034,0.0416,0.73141,0.04568,1.00043,0.31807,1.00043,0.43711,1.00043,0.57943,0.92009,0.80935,0.83226,0.91736,0.63889,0.96677,0.38162,0.96677,0.18932,0.90531,0.0562,0.58331,0.03611,0.39464,0.25321,0.38729,0.55449,0.74809,0.71923,0.26049,0.46603,0.28744,0.32543,0.62905,0.7515,0.54472],"triangles":[15,18,4,4,18,5,18,6,5,15,4,3,2,15,3,14,7,6,18,14,6,14,8,7,1,15,2,17,14,18,16,17,18,15,16,18,1,16,15,14,9,8,13,17,16,17,9,14,0,16,1,17,10,9,0,13,16,13,11,17,11,10,17,0,12,13,12,11,13],"edges":[0,1,1,2,2,3,3,4,4,5,5,6,6,7,7,8,8,9,9,10,10,11,11,12,12,0],"userEdges":[]}]},{"name":"头","display":[{"type":"mesh","name":"牛龙骨/头","width":597,"height":500,"vertices":[452.89,-156.09,500.46,-30.85,477.37,72.81,457.17,163.5,403.86,229.33,308,275.96,244.66,281.29,168.29,327.43,99.82,312.18,22.09,294.87,-6.08,229.33,-14.2,91.5,-14.22,-21.08,13,-143.32,34.44,-239.57,75.05,-283.02,112.94,-296.31,201.79,-276.52,307.3,-253.02,348.05,-243.95,406.14,-199.55,222.81,-152.96,225.08,203.12,365.06,-6.64,141.58,-198.21,72.15,17.48,285.45,10.62,266.02,-172.44,273.06,136.1,354.72,109.58],"uvs":[0.10625,0.14724,0.29341,0,0.47105,0,0.62648,0,0.75333,0.0754,0.86432,0.24218,0.89606,0.36345,0.99916,0.49241,0.99916,0.63264,0.99916,0.79184,0.9024,0.87529,0.68034,0.95103,0.49654,1,0.28707,1,0.12211,1,0.03643,0.93966,0.00094,0.87149,0.00094,0.68954,0.00094,0.47345,0.00094,0.39,0.05229,0.25736,0.19502,0.59483,0.77555,0.43563,0.38218,0.25368,0.15069,0.77299,0.52808,0.81471,0.43931,0.40149,0.14751,0.51897,0.64869,0.37115,0.57569,0.22333],"triangles":[22,10,8,22,8,7,6,22,7,8,10,9,25,11,22,22,11,10,5,22,6,28,22,5,4,28,5,29,28,4,28,25,22,26,25,28,3,29,4,25,12,11,2,29,3,29,26,28,26,21,25,2,23,29,23,26,29,24,13,25,21,24,25,13,12,25,1,23,2,23,27,26,27,21,26,20,27,23,0,20,23,1,0,23,24,14,13,20,19,27,15,14,24,17,24,21,27,17,21,19,18,27,18,17,27,16,15,24,17,16,24],"edges":[0,1,1,2,2,3,3,4,4,5,5,6,6,7,7,8,8,9,9,10,10,11,11,12,12,13,13,14,14,15,15,16,16,17,17,18,18,19,19,20,20,0],"userEdges":[]}]},{"name":"右眉毛","display":[{"name":"牛龙骨/右眉毛","transform":{"x":35,"y":13.3,"skX":31.43,"skY":31.43}}]}]}],"animation":[{"duration":221,"playTimes":0,"name":"newAnimation","bone":[{"name":"身体","translateFrame":[{"duration":89,"tweenEasing":0},{"duration":132,"tweenEasing":0,"y":14.95},{"duration":0}]},{"name":"头","rotateFrame":[{"duration":110,"tweenEasing":0},{"duration":111,"tweenEasing":0,"rotate":10},{"duration":0}]},{"name":"左耳朵","rotateFrame":[{"duration":41,"tweenEasing":0},{"duration":39,"tweenEasing":0,"rotate":-16},{"duration":10,"curve":[0,0,0.05088780487804878,0.7528561403508773,0.31047180487804876,1.0124401403508774,0.5500878048780489,1.2520561403508774,1,1]},{"duration":11,"tweenEasing":0,"rotate":-16},{"duration":6,"curve":[0,0,0,0.8053487376979034,0.2271931219512196,1.032541859649123,0.4720951219512195,1.2774438596491229,1,1]},{"duration":6,"tweenEasing":0,"rotate":-16},{"duration":47,"tweenEasing":0},{"duration":61,"tweenEasing":0,"rotate":-16},{"duration":0}]},{"name":"右眉毛","translateFrame":[{"duration":101,"tweenEasing":0},{"duration":120,"tweenEasing":0,"x":4.67,"y":-16.16},{"duration":0}]},{"name":"左眼","translateFrame":[{"duration":101,"tweenEasing":0},{"duration":120,"tweenEasing":0,"x":0.71,"y":10.14},{"duration":0}],"rotateFrame":[{"duration":101,"tweenEasing":0},{"duration":120,"tweenEasing":0,"rotate":-7},{"duration":0}],"scaleFrame":[{"duration":101,"tweenEasing":0},{"duration":120,"tweenEasing":0,"x":0.93},{"duration":0}]},{"name":"右眼","translateFrame":[{"duration":101,"tweenEasing":0},{"duration":120,"tweenEasing":0,"x":10.44,"y":16.99},{"duration":0}],"rotateFrame":[{"duration":101,"tweenEasing":0},{"duration":120,"tweenEasing":0,"rotate":3},{"duration":0}],"scaleFrame":[{"duration":101,"tweenEasing":0},{"duration":120,"tweenEasing":0,"x":0.78},{"duration":0}]},{"name":"左眉毛","translateFrame":[{"duration":101,"tweenEasing":0},{"duration":120,"tweenEasing":0,"x":0.44,"y":15.18},{"duration":0}]},{"name":"右牛角2","rotateFrame":[{"duration":32},{"duration":20,"tweenEasing":0},{"duration":20,"tweenEasing":0,"rotate":-9},{"duration":94,"tweenEasing":0},{"duration":11,"curve":[0,0,0,0.9768506632434746,0.23622151219512208,1.2130721754385967,0.49111951219512207,1.4679701754385968,1,1]},{"duration":10,"tweenEasing":0,"rotate":-9},{"duration":34}]},{"name":"右牛角3","rotateFrame":[{"duration":32},{"duration":20,"tweenEasing":0},{"duration":20,"tweenEasing":0,"rotate":-15},{"duration":94,"tweenEasing":0},{"duration":11,"curve":[0,0,0,0.9593495934959352,0.23730107317073168,1.1966506666666668,0.4769170731707318,1.4362666666666668,1,1]},{"duration":10,"tweenEasing":0,"rotate":-15},{"duration":34}]},{"name":"左牛角2","rotateFrame":[{"duration":32},{"duration":20,"tweenEasing":0},{"duration":20,"tweenEasing":0,"rotate":7},{"duration":94,"tweenEasing":0},{"duration":11,"curve":[0,0,0.02552195121951223,0.9847859649122808,0.2651379512195122,1.2244019649122808,0.5247219512195123,1.4839859649122809,1,1]},{"duration":10,"tweenEasing":0,"rotate":7},{"duration":34}]},{"name":"左牛角3","rotateFrame":[{"duration":32},{"duration":20,"tweenEasing":0},{"duration":20,"tweenEasing":0,"rotate":17},{"duration":94,"tweenEasing":0},{"duration":11,"curve":[0,0,0.0010756097560976063,0.9506263157894737,0.24597760975609767,1.1955283157894738,0.5008756097560977,1.450426315789474,1,1]},{"duration":10,"tweenEasing":0,"rotate":17},{"duration":34}]},{"name":"右耳朵1","rotateFrame":[{"duration":40,"tweenEasing":0},{"duration":40,"tweenEasing":0,"rotate":34},{"duration":10,"tweenEasing":0},{"duration":11,"tweenEasing":0,"rotate":34},{"duration":7,"curve":[0,0,0,0.9300813008130082,0.2515833658536586,1.1816646666666668,0.49648536585365854,1.4265666666666668,1,1]},{"duration":7,"tweenEasing":0,"rotate":34},{"duration":51,"tweenEasing":0},{"duration":55,"tweenEasing":0,"rotate":34},{"duration":0}]},{"name":"身体7","translateFrame":[{"duration":101,"tweenEasing":0},{"duration":120,"tweenEasing":0,"x":11.81,"y":1.86},{"duration":0}]},{"name":"bone_ikTarget3","translateFrame":[{"duration":100,"tweenEasing":0,"x":4.9,"y":-8.57},{"duration":121,"tweenEasing":0,"x":-25.33,"y":-20.84},{"duration":0,"x":4.9,"y":-8.58}]},{"name":"bone_ikTarget2","translateFrame":[{"duration":32,"tweenEasing":0,"y":-4.31},{"duration":37,"tweenEasing":0,"x":8.32,"y":-19.61},{"duration":28,"tweenEasing":0,"y":-4.31},{"duration":29,"tweenEasing":0,"x":8.32,"y":-19.61},{"duration":46,"tweenEasing":0,"y":-4.31},{"duration":49,"tweenEasing":0,"x":8.32,"y":-19.61},{"duration":0,"y":-4.31}]},{"name":"bone_ikTarget4","translateFrame":[{"duration":100,"tweenEasing":0},{"duration":121,"tweenEasing":0,"x":-12.83},{"duration":0}]},{"name":"花圈1","translateFrame":[{"duration":73,"tweenEasing":0},{"duration":68,"tweenEasing":0,"x":20.31,"y":-10.11},{"duration":80,"tweenEasing":0,"x":16.62,"y":-12.04},{"duration":0}]}],"ffd":[{"name":"牛龙骨/头","slot":"头","frame":[{"duration":101,"tweenEasing":0},{"duration":120,"tweenEasing":0,"offset":12,"vertices":[0.56,-10.22,0.56,-10.22,0.56,-10.22,0.56,-10.22,0.56,-10.22,0,0,0,0,-0.76,13.96,-0.76,13.96,-0.76,13.96,-0.76,13.96,-0.76,13.96,0,0,0,0,0,0,2.56,-1.53,7.88,-11.49,0,0,2.56,-1.53,0,0,0,0,2.56,-1.53,7.88,-11.49]},{"duration":0}]},{"name":"牛龙骨/嘴巴","slot":"嘴巴","frame":[{"duration":101,"tweenEasing":0},{"duration":120,"tweenEasing":0,"vertices":[1.96,-20.37,0,0,-2.05,21.29,-2.05,21.29,-2.05,21.29,-2.05,21.29,-2.05,21.29,0,0,0,0,0,0,1.96,-20.37,1.96,-20.37,1.96,-20.37,-9.36,-21.46,11.21,1.08,-13.39,20.2,-11.33,-1.09,13.13,-19.3,9.1,22.37]},{"duration":0}]}],"ik":[{"name":"bone_ik1","frame":[{"duration":74,"tweenEasing":0,"bendPositive":false},{"duration":47,"tweenEasing":0,"bendPositive":false},{"duration":59,"tweenEasing":0,"bendPositive":false},{"duration":41,"tweenEasing":0,"bendPositive":false},{"duration":0,"bendPositive":false}]},{"name":"bone_ik","frame":[{"duration":32,"tweenEasing":0,"bendPositive":false},{"duration":28,"tweenEasing":0,"bendPositive":false},{"duration":161,"tweenEasing":0,"bendPositive":false},{"duration":0,"bendPositive":false}]},{"name":"bone_ik2","frame":[{"duration":100,"tweenEasing":0,"bendPositive":false},{"duration":121,"tweenEasing":0,"bendPositive":false},{"duration":0,"bendPositive":false}]}]}],"defaultActions":[{"gotoAndPlay":"newAnimation"}]}]}