{"ndEffect.prefab":"prefab","wave_ (1).png":"texture","lang_1.png":"texture","Seagull_01.png":"texture","wave_ (2).png":"texture","wave_ (3).png":"texture","wave_ (4).png":"texture","wave_ (5).png":"texture","wave_ (6).png":"texture","wave_ (7).png":"texture","wave_ (8).png":"texture","wave_ (9).png":"texture","wave_ (10).png":"texture","wave_ (11).png":"texture","wave_ (12).png":"texture","wave_ (13).png":"texture","wave_ (14).png":"texture","wave_ (15).png":"texture","wave_ (16).png":"texture","wave_ (17).png":"texture","wave_ (18).png":"texture","wave_ (19).png":"texture","wave_ (20).png":"texture","wave_ (21).png":"texture","wave_ (22).png":"texture","wave_ (23).png":"texture","wave_ (24).png":"texture","wave_ (25).png":"texture","wave_ (26).png":"texture","wave_ (27).png":"texture","wave_ (28).png":"texture","lang_2.png":"texture","lang_3.png":"texture","lang_4.png":"texture","lang_5.png":"texture","lang_6.png":"texture","Seagull_02.png":"texture","Seagull_03.png":"texture","Seagull_04.png":"texture","Seagull_05.png":"texture","Seagull_06.png":"texture","Seagull_07.png":"texture","Seagull_08.png":"texture","Seagull_09.png":"texture","Seagull_10.png":"texture","Seagull_11.png":"texture","Seagull_12.png":"texture","Seagull_13.png":"texture","Seagull_14.png":"texture","Seagull_15.png":"texture","Seagull_16.png":"texture","Seagull_17.png":"texture","login_anim_frameWace.anim":"animation-clip","login_anim_frameSeagull.anim":"animation-clip","login_anim_FlyShip.anim":"animation-clip","login_anim_Rocket.anim":"animation-clip","tree_left_ske.json":"dragonbones","tree_left_tex.json":"dragonbones-atlas","tree_right_ske.json":"dragonbones","tree_right_tex.json":"dragonbones-atlas","Cow_anim_ske.json":"dragonbones","Cow_anim_tex.json":"dragonbones-atlas","login_anim_maim.anim":"animation-clip","tree_left_tex.png":"texture","tree_right_tex.png":"texture","Cow_anim_tex.png":"texture","login.plist":"sprite-atlas","login_boat.png":"texture","login_Board.png":"texture","login_cord.png":"texture","flame.plist":"particle","flame.png":"texture","login_light01.png":"texture","MotionStreak_smoke2.png":"texture","login_rocket.png":"texture","login_niu_ring.png":"texture","login.png":"texture"}