{
"skeleton": {
	"hash": "cdRyySsPFoY3YNeNf8Zstg4TaBA",
	"spine": "3.8.95",
	"x": -143.04,
	"y": -104.71,
	"width": 293.81,
	"height": 232.75,
	"images": "./shuiguoji/",
	"audio": ""
},
"bones": [
	{ "name": "root" },
	{ "name": "bone", "parent": "root" },
	{ "name": "main", "parent": "bone", "length": 74.26, "rotation": 93.58, "x": 5.2, "y": -92.34 },
	{ "name": "jiqi", "parent": "main", "length": 141.41, "rotation": 0.42, "x": 63.33, "y": 1.01 },
	{ "name": "shuiguo_main", "parent": "jiqi", "x": 68.27, "y": 0.48 },
	{ "name": "shuiguo_left", "parent": "shuiguo_main", "x": -2.65, "y": 66.15 },
	{ "name": "bone4", "parent": "main", "length": 34.84, "rotation": -0.3, "x": 28.42, "y": 59.89 },
	{ "name": "bone5", "parent": "main", "length": 36.17, "rotation": 1.82, "x": 29.53, "y": -31.83 },
	{ "name": "bone6", "parent": "bone", "length": 54.17, "rotation": -175.46, "x": -18.8, "y": -17.61 },
	{ "name": "bone7", "parent": "bone", "length": 28.1, "rotation": -176, "x": -55.62, "y": 62.79 },
	{ "name": "bone8", "parent": "bone", "length": 22.84, "rotation": 53.54, "x": 62.11, "y": 47.68 },
	{ "name": "bone9", "parent": "bone", "length": 36.85, "rotation": 37.69, "x": 61.59, "y": -26.55 },
	{ "name": "bone10", "parent": "bone5", "x": 25.3, "y": 2.08 },
	{ "name": "bone11", "parent": "main", "rotation": -89.58, "x": 42.65, "y": -108.63 },
	{ "name": "bone12", "parent": "bone11", "length": 28.86, "rotation": 91.36, "x": 8.32, "y": -8.17 },
	{ "name": "bone13", "parent": "bone12", "length": 33.9, "rotation": -4.51, "x": 14.64, "y": -1.59 },
	{ "name": "shuiguo_center", "parent": "shuiguo_main", "x": -1.88, "y": -5.75 },
	{ "name": "shuiguo_right", "parent": "shuiguo_main", "x": 0.16, "y": -76 },
	{ "name": "shuiguo_main2", "parent": "jiqi", "x": 68.27, "y": 0.48 },
	{ "name": "shuiguo_left2", "parent": "shuiguo_main2", "x": -2.65, "y": 66.15 },
	{ "name": "shuiguo_center2", "parent": "shuiguo_main2", "x": -1.88, "y": -5.75 },
	{ "name": "shuiguo_right2", "parent": "shuiguo_main2", "x": 0.16, "y": -76 }
],
"slots": [
	{ "name": "main_sgkh_tb_02", "bone": "bone6", "attachment": "main_sgkh_tb_02" },
	{ "name": "main_sgkh_tb_03", "bone": "bone7", "attachment": "main_sgkh_tb_03" },
	{ "name": "main_sgkh_tb_04", "bone": "bone9", "attachment": "main_sgkh_tb_04" },
	{ "name": "main_sgkh_tb_05", "bone": "bone8", "attachment": "main_sgkh_tb_05" },
	{ "name": "SGJ_dianban", "bone": "main", "attachment": "SGJ_dianban" },
	{ "name": "SGJ_jiqi", "bone": "jiqi", "attachment": "SGJ_jiqi" },
	{ "name": "00_shuiguo", "bone": "shuiguo_left", "attachment": "00_shuiguo" },
	{ "name": "00_shuiguo2", "bone": "shuiguo_left2", "attachment": "00_shuiguo", "blend": "additive" },
	{ "name": "00_shuiguo4", "bone": "shuiguo_center", "attachment": "00_shuiguo" },
	{ "name": "00_shuiguo6", "bone": "shuiguo_center2", "attachment": "00_shuiguo", "blend": "additive" },
	{ "name": "00_shuiguo5", "bone": "shuiguo_right", "attachment": "00_shuiguo" },
	{ "name": "00_shuiguo7", "bone": "shuiguo_right2", "attachment": "00_shuiguo", "blend": "additive" },
	{ "name": "SGJ_btn_jian", "bone": "bone4", "attachment": "SGJ_btn_jian" },
	{ "name": "SGJ_btn_jia", "bone": "bone5", "attachment": "SGJ_btn_jia" },
	{ "name": "SGJ_start_01", "bone": "bone11", "attachment": "SGJ_start_01" },
	{ "name": "SGJ_start_02", "bone": "bone12", "attachment": "SGJ_start_02" },
	{ "name": "SGJ_start_03", "bone": "bone13", "attachment": "SGJ_start_03" }
],
"animations": {
	"shuiguiji": {
		"slots": {
			"00_shuiguo": {
				"attachment": [
					{ "time": 3, "name": "01_shuiguo_ (2)" },
					{ "time": 3.1667, "name": "01_shuiguo_ (3)" },
					{ "time": 3.3333, "name": "02_shuiguo_ (6)" },
					{ "time": 3.5, "name": "03_shuiguo_ (1)" },
					{ "time": 3.6667, "name": "04_shuiguo_ (2)" },
					{ "time": 3.7667, "name": "04_shuiguo_ (4)" },
					{ "time": 3.8667, "name": "04_shuiguo_ (7)" },
					{ "time": 3.9667, "name": "04_shuiguo_ (5)" },
					{ "time": 4.0333, "name": "04_shuiguo_ (4)" },
					{ "time": 4.1, "name": "04_shuiguo_ (6)" },
					{ "time": 4.1667, "name": "04_shuiguo_ (2)" },
					{ "time": 4.2333, "name": "04_shuiguo_ (1)" },
					{ "time": 4.3, "name": "04_shuiguo_ (7)" },
					{ "time": 4.3667, "name": "04_shuiguo_ (4)" },
					{ "time": 4.4333, "name": "04_shuiguo_ (2)" },
					{ "time": 4.5, "name": "04_shuiguo_ (6)" },
					{ "time": 4.5667, "name": "04_shuiguo_ (7)" },
					{ "time": 4.6333, "name": "04_shuiguo_ (6)" },
					{ "time": 4.7, "name": "04_shuiguo_ (7)" },
					{ "time": 4.7667, "name": "04_shuiguo_ (3)" },
					{ "time": 4.8333, "name": "04_shuiguo_ (1)" },
					{ "time": 4.9, "name": "04_shuiguo_ (2)" },
					{ "time": 4.9667, "name": "04_shuiguo_ (3)" },
					{ "time": 5.0333, "name": "04_shuiguo_ (4)" },
					{ "time": 5.1, "name": "04_shuiguo_ (5)" },
					{ "time": 5.1667, "name": "04_shuiguo_ (6)" },
					{ "time": 5.2333, "name": "04_shuiguo_ (7)" },
					{ "time": 5.3333, "name": "03_shuiguo_ (4)" },
					{ "time": 5.5, "name": "03_shuiguo_ (6)" },
					{ "time": 5.6333, "name": "02_shuiguo_ (3)" },
					{ "time": 5.8, "name": "02_shuiguo_ (1)" },
					{ "time": 5.9333, "name": "02_shuiguo_ (5)" },
					{ "time": 6.1333, "name": "01_shuiguo_ (4)" },
					{ "time": 6.3, "name": "01_shuiguo_ (3)" },
					{ "time": 6.4667, "name": "01_shuiguo_ (2)" },
					{ "time": 6.6333, "name": "01_shuiguo_ (6)" },
					{ "time": 6.8, "name": "01_shuiguo_ (5)" },
					{ "time": 7, "name": "01_shuiguo_ (4)" },
					{ "time": 7.2333, "name": "01_shuiguo_ (2)" },
					{ "time": 7.8333, "name": "00_chengzi" },
					{ "time": 8.0667, "name": "00_putao" },
					{ "time": 8.3333, "name": "00_shuiguo" }
				]
			},
			"00_shuiguo2": {
				"color": [
					{
						"time": 9.4333,
						"color": "ffffffff",
						"curve": [ 0.25, 0.0, 0.75, 1.0 ]
					},
					{ "time": 10.3333, "color": "ffffff00" }
				],
				"attachment": [
					{ "name": null, "time": 0.0 },
					{ "time": 9.4333, "name": "00_shuiguo" }
				]
			},
			"00_shuiguo4": {
				"attachment": [
					{ "time": 3.5, "name": "01_shuiguo_ (2)" },
					{ "time": 3.6667, "name": "01_shuiguo_ (3)" },
					{ "time": 3.8333, "name": "02_shuiguo_ (6)" },
					{ "time": 4, "name": "03_shuiguo_ (1)" },
					{ "time": 4.1667, "name": "04_shuiguo_ (2)" },
					{ "time": 4.2667, "name": "04_shuiguo_ (4)" },
					{ "time": 4.3667, "name": "04_shuiguo_ (7)" },
					{ "time": 4.4667, "name": "04_shuiguo_ (5)" },
					{ "time": 4.5333, "name": "04_shuiguo_ (4)" },
					{ "time": 4.6, "name": "04_shuiguo_ (6)" },
					{ "time": 4.6667, "name": "04_shuiguo_ (2)" },
					{ "time": 4.7333, "name": "04_shuiguo_ (1)" },
					{ "time": 4.8, "name": "04_shuiguo_ (7)" },
					{ "time": 4.8667, "name": "04_shuiguo_ (4)" },
					{ "time": 4.9333, "name": "04_shuiguo_ (2)" },
					{ "time": 5, "name": "04_shuiguo_ (6)" },
					{ "time": 5.0667, "name": "04_shuiguo_ (7)" },
					{ "time": 5.1333, "name": "04_shuiguo_ (6)" },
					{ "time": 5.2, "name": "04_shuiguo_ (7)" },
					{ "time": 5.2667, "name": "04_shuiguo_ (3)" },
					{ "time": 5.3333, "name": "04_shuiguo_ (1)" },
					{ "time": 5.4, "name": "04_shuiguo_ (2)" },
					{ "time": 5.4667, "name": "04_shuiguo_ (3)" },
					{ "time": 5.5333, "name": "04_shuiguo_ (4)" },
					{ "time": 5.6, "name": "04_shuiguo_ (5)" },
					{ "time": 5.6667, "name": "04_shuiguo_ (6)" },
					{ "time": 5.7333, "name": "04_shuiguo_ (7)" },
					{ "time": 5.8333, "name": "03_shuiguo_ (4)" },
					{ "time": 5.9333, "name": "03_shuiguo_ (6)" },
					{ "time": 6.0667, "name": "02_shuiguo_ (3)" },
					{ "time": 6.2, "name": "02_shuiguo_ (1)" },
					{ "time": 6.3333, "name": "02_shuiguo_ (5)" },
					{ "time": 6.4667, "name": "01_shuiguo_ (4)" },
					{ "time": 6.6333, "name": "01_shuiguo_ (3)" },
					{ "time": 6.7667, "name": "01_shuiguo_ (2)" },
					{ "time": 6.9, "name": "01_shuiguo_ (6)" },
					{ "time": 7.0667, "name": "01_shuiguo_ (5)" },
					{ "time": 7.2667, "name": "01_shuiguo_ (4)" },
					{ "time": 7.4667, "name": "01_shuiguo_ (2)" },
					{ "time": 8, "name": "00_putao" },
					{ "time": 8.3667, "name": "00_xiangj" },
					{ "time": 8.7667, "name": "00_shuiguo" }
				]
			},
			"00_shuiguo5": {
				"attachment": [
					{ "time": 4, "name": "01_shuiguo_ (2)" },
					{ "time": 4.1667, "name": "01_shuiguo_ (3)" },
					{ "time": 4.3333, "name": "02_shuiguo_ (6)" },
					{ "time": 4.5, "name": "03_shuiguo_ (1)" },
					{ "time": 4.6667, "name": "04_shuiguo_ (2)" },
					{ "time": 4.7667, "name": "04_shuiguo_ (4)" },
					{ "time": 4.8667, "name": "04_shuiguo_ (7)" },
					{ "time": 4.9667, "name": "04_shuiguo_ (5)" },
					{ "time": 5.0333, "name": "04_shuiguo_ (4)" },
					{ "time": 5.1, "name": "04_shuiguo_ (6)" },
					{ "time": 5.1667, "name": "04_shuiguo_ (2)" },
					{ "time": 5.2333, "name": "04_shuiguo_ (1)" },
					{ "time": 5.3, "name": "04_shuiguo_ (7)" },
					{ "time": 5.3667, "name": "04_shuiguo_ (4)" },
					{ "time": 5.4333, "name": "04_shuiguo_ (2)" },
					{ "time": 5.5, "name": "04_shuiguo_ (6)" },
					{ "time": 5.5667, "name": "04_shuiguo_ (7)" },
					{ "time": 5.6333, "name": "04_shuiguo_ (6)" },
					{ "time": 5.7, "name": "04_shuiguo_ (7)" },
					{ "time": 5.7667, "name": "04_shuiguo_ (3)" },
					{ "time": 5.8333, "name": "04_shuiguo_ (1)" },
					{ "time": 5.9, "name": "04_shuiguo_ (2)" },
					{ "time": 5.9667, "name": "04_shuiguo_ (3)" },
					{ "time": 6.0333, "name": "04_shuiguo_ (4)" },
					{ "time": 6.1, "name": "04_shuiguo_ (5)" },
					{ "time": 6.1667, "name": "04_shuiguo_ (6)" },
					{ "time": 6.2333, "name": "04_shuiguo_ (7)" },
					{ "time": 6.3333, "name": "03_shuiguo_ (4)" },
					{ "time": 6.4667, "name": "03_shuiguo_ (6)" },
					{ "time": 6.5667, "name": "02_shuiguo_ (3)" },
					{ "time": 6.7, "name": "02_shuiguo_ (1)" },
					{ "time": 6.8, "name": "02_shuiguo_ (5)" },
					{ "time": 6.9333, "name": "01_shuiguo_ (4)" },
					{ "time": 7.0667, "name": "01_shuiguo_ (3)" },
					{ "time": 7.2333, "name": "01_shuiguo_ (2)" },
					{ "time": 7.4, "name": "01_shuiguo_ (6)" },
					{ "time": 7.5333, "name": "01_shuiguo_ (5)" },
					{ "time": 7.7, "name": "01_shuiguo_ (4)" },
					{ "time": 7.9, "name": "01_shuiguo_ (2)" },
					{ "time": 8.5333, "name": "00_chengzi" },
					{ "time": 8.8667, "name": "00_putao" },
					{ "time": 9.3333, "name": "00_shuiguo" }
				]
			},
			"00_shuiguo6": {
				"color": [
					{
						"time": 9.8,
						"color": "ffffffff",
						"curve": [ 0.25, 0.0, 0.75, 1.0 ]
					},
					{ "time": 10.7, "color": "ffffff00" }
				],
				"attachment": [
					{ "name": null, "time": 0.0 },
					{ "time": 9.8, "name": "00_shuiguo" }
				]
			},
			"00_shuiguo7": {
				"color": [
					{
						"time": 10.2667,
						"color": "ffffffff",
						"curve": [ 0.25, 0.0, 0.75, 1.0 ]
					},
					{ "time": 11.1667, "color": "ffffff00" }
				],
				"attachment": [
					{ "name": null, "time": 0.0 },
					{ "time": 10.2667, "name": "00_shuiguo" }
				]
			}
		},
		"bones": {
			"bone": {
				"rotate": [
					{
						"time": 3.0333,
						"curve": [ 0.25, 0.0, 0.75, 1.0 ],
						"angle": 0.0
					},
					{
						"time": 3.2667,
						"angle": 5,
						"curve": [ 0.25, 0.0, 0.75, 1.0 ]
					},
					{
						"time": 3.5,
						"curve": [ 0.25, 0.0, 0.75, 1.0 ],
						"angle": 0.0
					},
					{
						"time": 3.7667,
						"angle": 5,
						"curve": [ 0.25, 0.0, 0.75, 1.0 ]
					},
					{
						"time": 4,
						"curve": [ 0.25, 0.0, 0.75, 1.0 ],
						"angle": 0.0
					},
					{
						"time": 4.2667,
						"angle": 5,
						"curve": [ 0.25, 0.0, 0.75, 1.0 ]
					},
					{ "time": 4.5, "angle": 0.0 },
					{
						"time": 4.8333,
						"angle": 5,
						"curve": [ 0.25, 0.0, 0.75, 1.0 ]
					},
					{
						"time": 5.1,
						"curve": [ 0.25, 0.0, 0.75, 1.0 ],
						"angle": 0.0
					},
					{
						"time": 5.4333,
						"angle": 5,
						"curve": [ 0.25, 0.0, 0.75, 1.0 ]
					},
					{
						"time": 5.7,
						"curve": [ 0.25, 0.0, 0.75, 1.0 ],
						"angle": 0.0
					},
					{
						"time": 6,
						"angle": 5,
						"curve": [ 0.25, 0.0, 0.75, 1.0 ]
					},
					{ "time": 6.2667, "angle": 0.0 }
				],
				"translate": [
					{
						"x": 0.4,
						"y": -5.73,
						"curve": [ 0.25, 0.0, 0.75, 1.0 ],
						"time": 0.0
					},
					{
						"time": 2.8333,
						"x": -0.74,
						"y": 10.59,
						"curve": [ 0.25, 0.0, 0.75, 1.0 ]
					},
					{ "time": 6.3333, "x": 0.4, "y": -5.73 },
					{
						"time": 9.5667,
						"x": -0.74,
						"y": 10.59,
						"curve": [ 0.25, 0.0, 0.75, 1.0 ]
					},
					{ "time": 13.0667, "x": 0.4, "y": -5.73 }
				]
			},
			"bone10": {
				"translate": [
					{ "time": 1 },
					{ "time": 1.1667, "x": -4.99 },
					{ "time": 1.3333 },
					{ "time": 1.5, "x": -4.99 },
					{ "time": 1.6667 },
					{ "time": 1.8, "x": -4.99 },
					{ "time": 1.8667 },
					{ "time": 1.9333, "x": -4.99 },
					{ "time": 2 },
					{ "time": 2.0667, "x": -4.99 },
					{ "time": 2.1333 },
					{ "time": 2.2, "x": -4.99 },
					{ "time": 2.2667 },
					{ "time": 2.3333, "x": -4.99 },
					{ "time": 2.4 },
					{ "time": 2.4667, "x": -4.99 },
					{ "time": 2.5333 }
				]
			},
			"bone12": {
				"rotate": [
					{ "time": 2.6667, "angle": 0.0 },
					{ "time": 3, "angle": 4.8, "curve": "stepped" },
					{ "time": 3.4667, "angle": 4.8 },
					{ "time": 3.8, "angle": 0.0 }
				],
				"translate": [
					{ "time": 2.6667 },
					{ "time": 3, "x": -4.93, "y": 3.81, "curve": "stepped" },
					{ "time": 3.4667, "x": -4.93, "y": 3.81 },
					{ "time": 3.8 }
				]
			},
			"bone13": {
				"scale": [
					{ "time": 2.6667, "x": 1.0, "y": 1.0 },
					{ "time": 3, "x": 0.95, "y": 0.95, "curve": "stepped" },
					{ "time": 3.5333, "x": 0.95, "y": 0.95 },
					{ "time": 3.8, "x": 1.0, "y": 1.0 }
				]
			},
			"shuiguo_left": {
				"scale": [
					{
						"time": 9.5333,
						"curve": [ 0.25, 0.0, 0.75, 1.0 ],
						"x": 1.0,
						"y": 1.0
					},
					{
						"time": 9.6667,
						"x": 1.2,
						"y": 1.2,
						"curve": [ 0.25, 0.0, 0.75, 1.0 ]
					},
					{ "time": 9.7667, "x": 1.0, "y": 1.0 }
				]
			},
			"shuiguo_center": {
				"scale": [
					{
						"time": 9.9333,
						"curve": [ 0.25, 0.0, 0.75, 1.0 ],
						"x": 1.0,
						"y": 1.0
					},
					{
						"time": 10.0667,
						"x": 1.2,
						"y": 1.2,
						"curve": [ 0.25, 0.0, 0.75, 1.0 ]
					},
					{ "time": 10.1667, "x": 1.0, "y": 1.0 }
				]
			},
			"shuiguo_right": {
				"scale": [
					{
						"time": 10.4667,
						"curve": [ 0.25, 0.0, 0.75, 1.0 ],
						"x": 1.0,
						"y": 1.0
					},
					{
						"time": 10.6,
						"x": 1.2,
						"y": 1.2,
						"curve": [ 0.25, 0.0, 0.75, 1.0 ]
					},
					{ "time": 10.7, "x": 1.0, "y": 1.0 }
				]
			},
			"shuiguo_right2": {
				"scale": [
					{
						"time": 10.2667,
						"curve": [ 0.25, 0.0, 0.75, 1.0 ],
						"x": 1.0,
						"y": 1.0
					},
					{ "time": 11.1667, "x": 2, "y": 2 }
				]
			},
			"shuiguo_left2": {
				"scale": [
					{
						"time": 9.4333,
						"curve": [ 0.25, 0.0, 0.75, 1.0 ],
						"x": 1.0,
						"y": 1.0
					},
					{ "time": 10.3333, "x": 2, "y": 2 }
				]
			},
			"shuiguo_center2": {
				"scale": [
					{
						"time": 9.8,
						"curve": [ 0.25, 0.0, 0.75, 1.0 ],
						"x": 1.0,
						"y": 1.0
					},
					{ "time": 10.7, "x": 2, "y": 2 }
				]
			},
			"jiqi": {
				"scale": [
					{
						"time": 9.3333,
						"curve": [ 0.25, 0.0, 0.0, 1.1799999475479126 ],
						"x": 1.0,
						"y": 1.0
					},
					{
						"time": 9.5667,
						"x": 1.1,
						"y": 1.1,
						"curve": [ 0.25, 0.0, 0.0, 1.1799999475479126 ]
					},
					{ "time": 9.7, "x": 1.0, "y": 1.0 }
				]
			},
			"bone6": {
				"translate": [
					{
						"time": 11.3333,
						"curve": [ 0.25, 0.0, 0.3659999966621399, 1.0 ]
					},
					{ "time": 11.8333, "x": -78.43, "y": -14.71 }
				]
			},
			"bone9": {
				"translate": [
					{
						"time": 11.5667,
						"curve": [ 0.25, 0.0, 0.2590000033378601, 1.0 ]
					},
					{ "time": 12.0333, "x": 69.44, "y": 11.44 }
				]
			},
			"bone8": {
				"translate": [
					{
						"time": 11.8333,
						"curve": [ 0.25, 0.0, 0.41100001335144043, 1.0 ]
					},
					{ "time": 12.3, "x": 51.47, "y": 39.22 }
				]
			},
			"bone7": {
				"translate": [
					{
						"time": 12.2667,
						"curve": [ 0.25, 0.0, 0.2680000066757202, 1.1799999475479126 ]
					},
					{ "time": 12.7, "x": -68.63, "y": 9.8 }
				]
			}
		}
	}
},
"skins": {
	"default": {
		"SGJ_btn_jia": {
			"SGJ_btn_jia": {
				"type": "mesh",
				"uvs": [ 0.06509, 0.35197, 0.06948, 0.20892, 0.1396, 0.09733, 0.30835, 0.00292, 0.51195, 0.00166, 0.78171, 0, 0.911, 0.08017, 0.97456, 0.25756, 0.97017, 0.38631, 1, 0.50933, 1, 0.7983, 0.86717, 0.93278, 0.67213, 1, 0.45079, 1, 0.26671, 1, 0.12864, 0.93564, 0.00592, 0.80117, 0, 0.70103, 0, 0.50075, 0, 0.44353, 0.12207, 0.45211, 0.20535, 0.54367, 0.33245, 0.61233, 0.49681, 0.63808, 0.66994, 0.61519, 0.808, 0.53222, 0.90881, 0.44925, 0.07939, 0.40555, 0.08071, 0.48477, 0.08995, 0.57949, 0.16118, 0.67938, 0.22846, 0.72244, 0.34322, 0.77755, 0.44612, 0.80338, 0.51867, 0.80338, 0.61497, 0.79477, 0.75084, 0.75688, 0.80756, 0.73449, 0.87604, 0.67766, 0.92485, 0.58294, 0.92749, 0.49683, 0.93144, 0.41761, 0.08466, 0.36709, 0.09236, 0.44625 ],
				"triangles": [ 27, 42, 43, 20, 28, 43, 20, 42, 1, 0, 1, 42, 7, 41, 6, 27, 0, 42, 20, 43, 42, 26, 5, 6, 26, 6, 41, 1, 2, 20, 25, 5, 26, 25, 26, 40, 21, 2, 3, 20, 2, 21, 29, 20, 21, 22, 3, 4, 21, 3, 22, 25, 24, 4, 25, 4, 5, 23, 22, 4, 24, 23, 4, 31, 21, 22, 37, 24, 25, 32, 22, 23, 35, 23, 24, 8, 41, 7, 19, 0, 27, 28, 27, 43, 19, 27, 28, 40, 26, 41, 18, 19, 28, 41, 8, 9, 40, 41, 9, 20, 29, 28, 18, 28, 29, 39, 25, 40, 39, 40, 9, 38, 25, 39, 30, 29, 21, 17, 18, 29, 17, 29, 30, 30, 21, 31, 37, 25, 38, 36, 24, 37, 31, 22, 32, 35, 24, 36, 39, 9, 10, 38, 39, 10, 16, 17, 30, 33, 32, 23, 34, 33, 23, 35, 34, 23, 11, 37, 38, 11, 38, 10, 15, 16, 30, 15, 30, 31, 14, 31, 32, 15, 31, 14, 13, 33, 34, 32, 33, 13, 14, 32, 13, 12, 35, 36, 36, 37, 11, 12, 36, 11, 34, 35, 12, 13, 34, 12 ],
				"vertices": [ 1, 12, -2.1, 18.99, 1, 1, 12, 3.04, 18.66, 1, 1, 12, 6.98, 15.27, 1, 1, 12, 10.18, 7.26, 1, 1, 12, 9.99, -2.31, 1, 1, 12, 9.74, -14.99, 1, 1, 12, 6.71, -20.99, 1, 1, 12, 0.25, -23.82, 1, 1, 7, 20.93, -21.43, 1, 1, 7, 16.46, -22.72, 1, 1, 7, 6.06, -22.47, 1, 1, 7, 1.38, -16.11, 1, 1, 7, -0.82, -6.88, 1, 1, 7, -0.57, 3.52, 1, 1, 7, -0.35, 12.17, 1, 1, 7, 2.12, 18.6, 1, 1, 7, 7.1, 24.24, 1, 1, 7, 10.71, 24.44, 1, 1, 7, 17.92, 24.26, 1, 1, 7, 19.98, 24.21, 1, 1, 12, -5.77, 16.4, 1, 1, 12, -9.16, 12.57, 1, 1, 12, -11.78, 6.66, 1, 1, 12, -12.89, -1.04, 1, 1, 12, -12.27, -9.2, 1, 1, 12, -9.44, -15.76, 1, 1, 12, -6.57, -20.56, 1, 1, 7, 21.25, 20.45, 1, 1, 7, 18.4, 20.45, 1, 1, 7, 14.98, 20.1, 1, 1, 7, 11.31, 16.84, 1, 1, 7, 9.68, 13.72, 1, 1, 7, 7.56, 8.38, 1, 1, 7, 6.52, 3.56, 1, 2, 7, 6.43, 0.15, 0.9995, 12, -18.87, -1.92, 5.0E-4, 1, 7, 6.63, -4.38, 1, 1, 7, 7.84, -10.79, 1, 1, 7, 8.58, -13.48, 1, 1, 7, 10.55, -16.75, 1, 1, 7, 13.9, -19.12, 1, 1, 7, 17, -19.32, 1, 1, 7, 19.84, -19.58, 1, 1, 12, -2.67, 18.09, 1, 1, 12, -5.53, 17.79, 1 ],
				"hull": 20,
				"edges": [ 0, 2, 2, 4, 4, 6, 10, 12, 12, 14, 14, 16, 16, 18, 18, 20, 20, 22, 22, 24, 24, 26, 26, 28, 28, 30, 30, 32, 32, 34, 34, 36, 36, 38, 0, 38, 2, 40, 4, 42, 6, 44, 6, 8, 8, 10, 84, 2, 84, 40, 86, 84 ],
				"width": 47,
				"height": 36
			}
		},
		"SGJ_btn_jian": {
			"SGJ_btn_jian": { "x": 17.8, "y": -0.37, "rotation": -89.27, "width": 47, "height": 36 }
		},
		"SGJ_dianban": {
			"SGJ_dianban": { "x": 37.12, "y": -0.98, "rotation": -89.58, "width": 289, "height": 79 }
		},
		"SGJ_jiqi": {
			"SGJ_jiqi": { "x": 72.55, "y": -1.8, "rotation": -90, "width": 270, "height": 151 }
		},
		"SGJ_start_01": {
			"SGJ_start_01": { "x": 3.82, "y": -1.14, "width": 27, "height": 18 }
		},
		"SGJ_start_02": {
			"SGJ_start_02": { "x": 17.91, "y": 0.08, "rotation": -91.36, "width": 11, "height": 35 }
		},
		"SGJ_start_03": {
			"SGJ_start_03": { "x": 21.22, "y": 1.81, "rotation": -86.86, "width": 45, "height": 51 }
		},
		"00_shuiguo": {
			"01_shuiguo_ (1)": { "x": 0.5, "y": -0.5, "rotation": -90, "width": 61, "height": 61 },
			"01_shuiguo_ (2)": { "x": 0.5, "y": -0.5, "rotation": -90, "width": 45, "height": 59 },
			"01_shuiguo_ (3)": { "y": -0.5, "rotation": -90, "width": 61, "height": 62 },
			"01_shuiguo_ (4)": { "y": -0.5, "rotation": -90, "width": 49, "height": 62 },
			"01_shuiguo_ (5)": { "y": -0.5, "rotation": -90, "width": 49, "height": 60 },
			"01_shuiguo_ (6)": { "x": 0.5, "y": -0.5, "rotation": -90, "width": 55, "height": 57 },
			"02_shuiguo_ (1)": { "y": -0.5, "rotation": -90, "width": 61, "height": 68 },
			"02_shuiguo_ (2)": { "x": 0.5, "y": -0.5, "rotation": -90, "width": 45, "height": 67 },
			"02_shuiguo_ (3)": { "y": -0.5, "rotation": -90, "width": 61, "height": 70 },
			"02_shuiguo_ (4)": { "y": -0.5, "rotation": -90, "width": 49, "height": 70 },
			"02_shuiguo_ (5)": { "y": -0.5, "rotation": -90, "width": 49, "height": 68 },
			"02_shuiguo_ (6)": { "x": 0.5, "rotation": -90, "width": 54, "height": 65 },
			"03_shuiguo_ (1)": { "x": 0.5, "y": -0.5, "rotation": -90, "width": 61, "height": 83 },
			"03_shuiguo_ (2)": { "y": -0.5, "rotation": -90, "width": 45, "height": 82 },
			"03_shuiguo_ (3)": { "x": 0.5, "y": -0.5, "rotation": -90, "width": 61, "height": 85 },
			"03_shuiguo_ (4)": { "y": -0.5, "rotation": -90, "width": 49, "height": 84 },
			"03_shuiguo_ (5)": { "y": -0.5, "rotation": -90, "width": 49, "height": 82 },
			"03_shuiguo_ (6)": { "x": 0.5, "rotation": -90, "width": 54, "height": 79 },
			"04_shuiguo_ (1)": { "x": 0.5, "y": -0.5, "rotation": -90, "width": 61, "height": 103 },
			"04_shuiguo_ (2)": { "rotation": -90, "width": 44, "height": 102 },
			"04_shuiguo_ (3)": { "x": 0.5, "rotation": -90, "width": 60, "height": 105 },
			"04_shuiguo_ (4)": { "y": -0.5, "rotation": -90, "width": 49, "height": 104 },
			"04_shuiguo_ (5)": { "y": -0.5, "rotation": -90, "width": 49, "height": 102 },
			"04_shuiguo_ (6)": { "x": 0.5, "rotation": -90, "width": 54, "height": 99 },
			"04_shuiguo_ (7)": { "y": 2.8, "rotation": -90, "width": 54, "height": 106 },
			"00_chengzi": { "rotation": -94, "width": 62, "height": 56 },
			"00_putao": { "x": -0.03, "y": -0.5, "rotation": -94, "width": 55, "height": 50 },
			"00_shuiguo": { "x": -5.77, "y": 2.04, "rotation": -90, "width": 62, "height": 53 },
			"00_xiangj": { "x": 0.46, "y": -0.53, "rotation": -94, "width": 47, "height": 45 }
		},
		"00_shuiguo2": {
			"00_shuiguo": { "x": -5.77, "y": 2.04, "rotation": -90, "width": 62, "height": 53 }
		},
		"00_shuiguo4": {
			"01_shuiguo_ (1)": { "x": 0.5, "y": -0.5, "rotation": -90, "width": 61, "height": 61 },
			"01_shuiguo_ (2)": { "x": 0.5, "y": -0.5, "rotation": -90, "width": 45, "height": 59 },
			"01_shuiguo_ (3)": { "y": -0.5, "rotation": -90, "width": 61, "height": 62 },
			"01_shuiguo_ (4)": { "y": -0.5, "rotation": -90, "width": 49, "height": 62 },
			"01_shuiguo_ (5)": { "y": -0.5, "rotation": -90, "width": 49, "height": 60 },
			"01_shuiguo_ (6)": { "x": 0.5, "y": -0.5, "rotation": -90, "width": 55, "height": 57 },
			"02_shuiguo_ (1)": { "y": -0.5, "rotation": -90, "width": 61, "height": 68 },
			"02_shuiguo_ (2)": { "x": 0.5, "y": -0.5, "rotation": -90, "width": 45, "height": 67 },
			"02_shuiguo_ (3)": { "y": -0.5, "rotation": -90, "width": 61, "height": 70 },
			"02_shuiguo_ (4)": { "y": -0.5, "rotation": -90, "width": 49, "height": 70 },
			"02_shuiguo_ (5)": { "y": -0.5, "rotation": -90, "width": 49, "height": 68 },
			"02_shuiguo_ (6)": { "x": 0.5, "rotation": -90, "width": 54, "height": 65 },
			"03_shuiguo_ (1)": { "x": 0.5, "y": -0.5, "rotation": -90, "width": 61, "height": 83 },
			"03_shuiguo_ (2)": { "y": -0.5, "rotation": -90, "width": 45, "height": 82 },
			"03_shuiguo_ (3)": { "x": 0.5, "y": -0.5, "rotation": -90, "width": 61, "height": 85 },
			"03_shuiguo_ (4)": { "y": -0.5, "rotation": -90, "width": 49, "height": 84 },
			"03_shuiguo_ (5)": { "y": -0.5, "rotation": -90, "width": 49, "height": 82 },
			"03_shuiguo_ (6)": { "x": 0.5, "rotation": -90, "width": 54, "height": 79 },
			"04_shuiguo_ (1)": { "x": 0.5, "y": -0.5, "rotation": -90, "width": 61, "height": 103 },
			"04_shuiguo_ (2)": { "rotation": -90, "width": 44, "height": 102 },
			"04_shuiguo_ (3)": { "x": 0.5, "rotation": -90, "width": 60, "height": 105 },
			"04_shuiguo_ (4)": { "y": -0.5, "rotation": -90, "width": 49, "height": 104 },
			"04_shuiguo_ (5)": { "y": -0.5, "rotation": -90, "width": 49, "height": 102 },
			"04_shuiguo_ (6)": { "x": 0.5, "rotation": -90, "width": 54, "height": 99 },
			"04_shuiguo_ (7)": { "y": 2.8, "rotation": -90, "width": 54, "height": 106 },
			"00_chengzi": { "rotation": -94, "width": 62, "height": 56 },
			"00_putao": { "x": -0.03, "y": -0.5, "rotation": -94, "width": 55, "height": 50 },
			"00_shuiguo": { "x": -5.77, "y": 2.04, "rotation": -90, "width": 62, "height": 53 },
			"00_xiangj": { "x": 0.46, "y": -0.53, "rotation": -94, "width": 47, "height": 45 }
		},
		"00_shuiguo5": {
			"01_shuiguo_ (1)": { "x": 0.5, "y": -0.5, "rotation": -90, "width": 61, "height": 61 },
			"01_shuiguo_ (2)": { "x": 0.5, "y": -0.5, "rotation": -90, "width": 45, "height": 59 },
			"01_shuiguo_ (3)": { "y": -0.5, "rotation": -90, "width": 61, "height": 62 },
			"01_shuiguo_ (4)": { "y": -0.5, "rotation": -90, "width": 49, "height": 62 },
			"01_shuiguo_ (5)": { "y": -0.5, "rotation": -90, "width": 49, "height": 60 },
			"01_shuiguo_ (6)": { "x": 0.5, "y": -0.5, "rotation": -90, "width": 55, "height": 57 },
			"02_shuiguo_ (1)": { "y": -0.5, "rotation": -90, "width": 61, "height": 68 },
			"02_shuiguo_ (2)": { "x": 0.5, "y": -0.5, "rotation": -90, "width": 45, "height": 67 },
			"02_shuiguo_ (3)": { "y": -0.5, "rotation": -90, "width": 61, "height": 70 },
			"02_shuiguo_ (4)": { "y": -0.5, "rotation": -90, "width": 49, "height": 70 },
			"02_shuiguo_ (5)": { "y": -0.5, "rotation": -90, "width": 49, "height": 68 },
			"02_shuiguo_ (6)": { "x": 0.5, "rotation": -90, "width": 54, "height": 65 },
			"03_shuiguo_ (1)": { "x": 0.5, "y": -0.5, "rotation": -90, "width": 61, "height": 83 },
			"03_shuiguo_ (2)": { "y": -0.5, "rotation": -90, "width": 45, "height": 82 },
			"03_shuiguo_ (3)": { "x": 0.5, "y": -0.5, "rotation": -90, "width": 61, "height": 85 },
			"03_shuiguo_ (4)": { "y": -0.5, "rotation": -90, "width": 49, "height": 84 },
			"03_shuiguo_ (5)": { "y": -0.5, "rotation": -90, "width": 49, "height": 82 },
			"03_shuiguo_ (6)": { "x": 0.5, "rotation": -90, "width": 54, "height": 79 },
			"04_shuiguo_ (1)": { "x": 0.5, "y": -0.5, "rotation": -90, "width": 61, "height": 103 },
			"04_shuiguo_ (2)": { "rotation": -90, "width": 44, "height": 102 },
			"04_shuiguo_ (3)": { "x": 0.5, "rotation": -90, "width": 60, "height": 105 },
			"04_shuiguo_ (4)": { "y": -0.5, "rotation": -90, "width": 49, "height": 104 },
			"04_shuiguo_ (5)": { "y": -0.5, "rotation": -90, "width": 49, "height": 102 },
			"04_shuiguo_ (6)": { "x": 0.5, "rotation": -90, "width": 54, "height": 99 },
			"04_shuiguo_ (7)": { "y": 2.8, "rotation": -90, "width": 54, "height": 106 },
			"00_chengzi": { "rotation": -94, "width": 62, "height": 56 },
			"00_putao": { "x": -0.03, "y": -0.5, "rotation": -94, "width": 55, "height": 50 },
			"00_shuiguo": { "x": -5.77, "y": 2.04, "rotation": -90, "width": 62, "height": 53 },
			"00_xiangj": { "x": 0.46, "y": -0.53, "rotation": -94, "width": 47, "height": 45 }
		},
		"00_shuiguo6": {
			"00_shuiguo": { "x": -5.77, "y": 2.04, "rotation": -90, "width": 62, "height": 53 }
		},
		"00_shuiguo7": {
			"00_shuiguo": { "x": -5.77, "y": 2.04, "rotation": -90, "width": 62, "height": 53 }
		},
		"main_sgkh_tb_02": {
			"main_sgkh_tb_02": { "x": 45.62, "y": 13.06, "rotation": 179.46, "width": 105, "height": 69 }
		},
		"main_sgkh_tb_03": {
			"main_sgkh_tb_03": { "x": 21.53, "y": 0.06, "rotation": 180, "width": 65, "height": 44 }
		},
		"main_sgkh_tb_04": {
			"main_sgkh_tb_04": { "x": 37.6, "y": 1.71, "rotation": -33.69, "width": 76, "height": 62 }
		},
		"main_sgkh_tb_05": {
			"main_sgkh_tb_05": { "x": 24.31, "y": -2.15, "rotation": -49.54, "width": 41, "height": 44 }
		}
	}
}
}