{"红包雨.prefab":"prefab","Public_mask_black.png":"texture","shanshuo.plist":"particle","paopao.plist":"particle","HBY_hongbao_xie.png":"texture","bubble.png":"texture","Text_Ring_003.png":"texture","Text_Ring_001.png":"texture","Text_Ring_002.png":"texture","HBY_hongbao.png":"texture","HBY_hongbao_diban.png":"texture","HBY_text_gongxifacai.png":"texture","HBY_hongbao_wenzidiban.png":"texture","HBY_hongbao_zhengmian.png":"texture","HongBao_number.fnt":"bitmap-font","HBY_close.png":"texture","HongBao_number.png":"texture","hall_activity_anim_01.anim":"animation-clip"}