{"width":256,"imagePath":"Cow2_tex.png","height":512,"name":"Cow2","SubTexture":[{"width":32,"y":261,"height":46,"name":"niu1/右牛角","x":213},{"width":37,"y":54,"height":39,"name":"niu1/左牛角","x":207},{"width":51,"y":351,"height":66,"name":"niu1/右耳","x":82},{"width":69,"y":453,"height":32,"name":"niu1/左耳","x":1},{"width":204,"y":1,"height":192,"name":"niu1/头","x":1},{"width":135,"y":195,"height":154,"name":"niu1/身体","x":1},{"width":61,"y":397,"height":54,"name":"niu1/嘴","x":1},{"width":79,"y":351,"height":44,"name":"niu1/白胡须","x":1},{"width":45,"y":1,"height":51,"name":"niu1/右胡须","x":207},{"width":84,"y":327,"height":50,"name":"niu1/左胡须","x":138},{"width":73,"y":261,"height":64,"name":"niu1/骰子","x":138},{"width":92,"y":195,"height":64,"name":"niu1/领带","x":138}]}