{"width":256,"imagePath":"Cow3_anim_tex.png","name":"Cow3_anim","SubTexture":[{"width":35,"y":67,"height":49,"name":"牛龙骨/右牛角","x":211},{"width":38,"y":1,"height":64,"name":"牛龙骨/左牛角","x":211},{"width":34,"y":118,"height":31,"name":"牛龙骨/左耳朵","x":211},{"width":51,"y":329,"height":24,"name":"牛龙骨/右耳朵","x":1},{"width":208,"y":1,"height":174,"name":"牛龙骨/头","x":1},{"width":26,"y":345,"height":16,"name":"牛龙骨/左眉毛","x":54},{"width":27,"y":329,"height":17,"name":"牛龙骨/右眉毛","x":97},{"width":38,"y":151,"height":21,"name":"牛龙骨/右眼","x":211},{"width":41,"y":329,"height":14,"name":"牛龙骨/左眼","x":54},{"width":139,"y":177,"height":150,"name":"牛龙骨/身体","x":1},{"width":86,"y":277,"height":54,"name":"牛龙骨/花圈","x":142},{"width":94,"y":177,"height":98,"name":"牛龙骨/嘴巴","x":142}],"height":512}