{"大转盘.prefab":"prefab","DZP_deng_1.png":"texture","DZP_deng_2.png":"texture","DZP_deng_3.png":"texture","DZP_deng_4.png":"texture","DZP_deng_5.png":"texture","DZP_zhizhen_diban.png":"texture","1shandian.png":"texture","DZP_zhizhen_01.png":"texture","DZP_zhizhen.png":"texture","2shandian.png":"texture","3shandian.png":"texture","4shandian.png":"texture","5shandian.png":"texture","6shandian.png":"texture","7shandian.png":"texture","8shandian.png":"texture","DaZhuanPan_anim_zhizheng.anim":"animation-clip","Main_icon_zhuanpan_1.png":"texture","Main_icon_zhuanpan_2.png":"texture","Main_icon_zhuanpan_3.png":"texture","Main_icon_zhuanpan_text.png":"texture","Hall_DaZhuanPan_icon.anim":"animation-clip"}