{"ZJH+niuniu.prefab":"prefab","上家头像.png":"texture","public_bipai_biankuang.png":"texture","public_bipai_quan.png":"texture","public_bipai_dian.png":"texture","public_bipai_icon.png":"texture","public_icon_zuang.png":"texture","Public__Light_01.png":"texture","public_text_buqiang.png":"texture","Public_anim_bipai.anim":"animation-clip","Public_anim_niuniu_zuang.anim":"animation-clip","Public_qipao.anim":"animation-clip","maisui.plist":"particle","shanshuo.plist":"particle","LootRuniquebai.png":"texture","public_effect_light_02.png":"texture","LootRunique_red.png":"texture","bubble.png":"texture","public_jinhua_textu.png":"texture","ZJH_jinhua_diban.png":"texture","ZJH_jinhua_text_00.png":"texture","ZJH_jinhua_text_01.png":"texture","ZJH_jinhua_icon.png":"texture","ZJH_shunzi_diban.png":"texture","ZJH_shunzi_icon.png":"texture","ZJH_shunzi_text_00.png":"texture","ZJH_duizi_diban.png":"texture","ZJH_duizi_icon.png":"texture","ZJH_duizi_text_00.png":"texture","ZJH_sanpai_diban.png":"texture","ZJH_sanpai_text_00.png":"texture","ZJH_tonghuashun_diban.png":"texture","ZJH_tonghuashun_text_00.png":"texture","ZJH_tonghuashun_icon.png":"texture","ZJH_baozi_diban.png":"texture","ZJH_baozi_diban_caidai.png":"texture","ZJH_baozi_text_00.png":"texture","ZJH_baozi_icon.png":"texture","public_qipao_blue_dian.png":"texture","zjh_anim_jinhua.anim":"animation-clip","zjh_anim_shunzi_duizi.anim":"animation-clip","zjh_anim_sanpai.anim":"animation-clip","zjh_anim_tonghuashun.anim":"animation-clip","zjh_anim_baozi.anim":"animation-clip"}